id	sentiment	review
"5814_8",	1,	"stuff going moment mj ve started listening music watching odd documentary watched wiz watched moonwalker maybe want get certain insight guy thought really cool eighties maybe make mind whether guilty innocent moonwalker part biography part feature film remember going see cinema originally released subtle messages mj feeling towards press also obvious message drugs bad m kay visually impressive course michael jackson unless remotely like mj anyway going hate find boring may call mj egotist consenting making movie mj fans would say made fans true really nice actual feature film bit finally starts minutes excluding smooth criminal sequence joe pesci convincing psychopathic powerful drug lord wants mj dead bad beyond mj overheard plans nah joe pesci character ranted wanted people know supplying drugs etc dunno maybe hates mj music lots cool things like mj turning car robot whole speed demon sequence also director must patience saint came filming kiddy bad sequence usually directors hate working one kid let alone whole bunch performing complex dance scene bottom line movie people like mj one level another think people stay away try give wholesome message ironically mj bestest buddy movie girl michael jackson truly one talented people ever grace planet guilty well attention ve gave subject hmmm well know people different behind closed doors know fact either extremely nice stupid guy one sickest liars hope latter"
"2381_9",	1,	"classic war worlds timothy hines entertaining film obviously goes great effort lengths faithfully recreate h g wells classic book mr hines succeeds watched film appreciated fact standard predictable hollywood fare comes every year e g spielberg version tom cruise slightest resemblance book obviously everyone looks different things movie envision amateur critics look criticize everything others rate movie important bases like entertained people never agree critics enjoyed effort mr hines put faithful h g wells classic novel found entertaining made easy overlook critics perceive shortcomings"
"7759_3",	0,	"film starts manager nicholas bell giving welcome investors robert carradine primal park secret project mutating primal animal using fossilized dna like jurassik park scientists resurrect one nature fearsome predators sabretooth tiger smilodon scientific ambition turns deadly however high voltage fence opened creature escape begins savagely stalking prey human visitors tourists scientific meanwhile youngsters enter restricted area security center attacked pack large pre historical animals deadlier bigger addition security agent stacy haiduk mate brian wimmer fight hardly carnivorous smilodons sabretooths course real star stars astounding terrifyingly though convincing giant animals savagely stalking prey group run afoul fight one nature fearsome predators furthermore third sabretooth dangerous slow stalks victims movie delivers goods lots blood gore beheading hair raising chills full scares sabretooths appear mediocre special effects story provides exciting stirring entertainment results quite boring giant animals majority made computer generator seem totally lousy middling performances though players reacting appropriately becoming food actors give vigorously physical performances dodging beasts running bound leaps dangling walls packs ridiculous final deadly scene small kids realistic gory violent attack scenes films sabretooths smilodon following sabretooth james r hickox vanessa angel david keith john rhys davies much better bc roland emmerich steven strait cliff curtis camilla belle motion picture filled bloody moments badly directed george miller originality takes many elements previous films miller australian director usually working television tidal wave journey center earth many others occasionally cinema man snowy river zeus roxanne robinson crusoe rating average bottom barrel"
"3630_4",	0,	"must assumed praised film greatest filmed opera ever didn read somewhere either care opera care wagner care anything except desire appear cultured either representation wagner swan song movie strikes unmitigated disaster leaden reading score matched tricksy lugubrious realisation text questionable people ideas opera matter play especially one shakespeare allowed anywhere near theatre film studio syberberg fashionably without smallest justification wagner text decided parsifal bisexual integration title character latter stages transmutes kind beatnik babe though one continues sing high tenor actors film singers get double dose armin jordan conductor seen face heard voice amfortas also appears monstrously double exposure kind batonzilla conductor ate monsalvat playing good friday music way transcendant loveliness nature represented scattering shopworn flaccid crocuses stuck ill laid turf expedient baffles theatre sometimes piece imperfections thoughts think syberberg couldn splice parsifal gurnemanz mountain pasture lush provided julie andrews sound music sound hard endure high voices trumpets particular possessing aural glare adds another sort fatigue impatience uninspired conducting paralytic unfolding ritual someone another review mentioned bayreuth recording knappertsbusch though tempi often slow jordan altogether lacks sense pulse feeling ebb flow music half century orchestral sound set modern pressings still superior film"
"9495_8",	1,	"superbly trashy wondrously unpretentious exploitation hooray pre credits opening sequences somewhat give false impression re dealing serious harrowing drama need fear barely ten minutes later re necks nonsensical chainsaw battles rough fist fights lurid dialogs gratuitous nudity bo ingrid two orphaned siblings unusually close even slightly perverted relationship imagine playfully ripping towel covers sister naked body stare unshaven genitals several whole minutes well bo sister judging dubbed laughter doesn mind sick dude anyway kids fled russia parents nasty soldiers brutally slaughtered mommy daddy friendly smuggler took custody however even raised trained bo ingrid expert smugglers actual plot lifts years later re facing ultimate quest mythical incredibly valuable white fire diamond coincidentally found mine things life ever made little sense plot narrative structure white fire sure lot fun watch time clue beating cause bet actors understood even less whatever violence magnificently grotesque every single plot twist pleasingly retarded script goes totally bonkers beyond repair suddenly won reveal reason bo needs replacement ingrid fred williamson enters scene big cigar mouth sleazy black fingers local prostitutes bo principal opponent italian chick big breasts hideous accent preposterous catchy theme song plays least dozen times throughout film obligatory re falling love montage loads attractions god brilliant experience original french title translates life survive uniquely appropriate makes much sense rest movie none"
"8196_8",	1,	"dont know people think bad movie got pretty good plot good action change location harry hurt either sure offensive gratuitous movie like eastwood good form dirty harry liked pat hingle movie small town cop liked dirty harry see one lot better dead pool"
"7166_2",	0,	"movie could good comes way short cheesy special effects acting could looked past story wasn lousy background story would better plot centers around evil druid witch linked woman gets migraines movie drags never clearly explains anything keeps plodding christopher walken part completely senseless movie movie potential looks like really bad made tv movie would avoid movie"
"10633_1",	0,	"watched video friend house m glad waste money buying one video cover scene movie capricorn one movie starts several clips rocket blow ups related manned flight sibrel smoking gun short video clip astronauts preparing video broadcast edits voice instead letting us listen crew say video curiously ends showing zapruder film claims radiation shielding star photography others lead believe extremely ignorant sort ax grind nasa astronauts american general science bad video"
"319_1",	0,	"friend mine bought film even grossly overpriced despite featuring big names adam sandler billy bob thornton incredibly talented burt young film funny taking chisel hammering straight earhole uses tired bottom barrel comedic techniques consistently breaking fourth wall sandler talks audience seemingly pointless montages hot girls adam sandler plays waiter cruise ship wants make successful comedian order become successful women ship resident comedian shamelessly named dickie due unfathomable success opposite gender presumed lost sea sandler character shecker gets big break dickie dead rather locked bathroom presumably sea sick perhaps mouth vomited worst film time"
"8713_10",	1,	"movie full references like mad max ii wild one many others ladybug face clear reference tribute peter lorre movie masterpiece ll talk much future"
"2486_3",	0,	"happens army wetbacks towelheads godless eastern european commies gather forces south border gary busey kicks butts course another laughable example reagan era cultural fallout bulletproof wastes decent supporting cast headed l q jones thalmus rasulala"
"6811_10",	1,	"although generally like remakes believing remakes waste time film exception didn actually know far reading previous comment remake opinion purely actual film comparison story way written question capote need words play anthony edwards eric roberts superb seen movies one certain good actors case eric always wondered sister number famous star brother time certainty raised fact question play well play mr edwards clearly top profession recommend film top films see keep dvd shelves"
"11744_9",	1,	"mr harvey lights candle anchored brilliant performance timothy spall predict titular morose tight teacher sort break catharsis based deep secret past emotions unveiled surprising spall range feelings conveyed quite moving usually gets portray part mike leigh repertory expected boring school bus trip used comic purposes simpsons central situation visit salisbury cathedral rhidian brook script well contained structured dramatic purposes almost formally divided acts re introduced urban british range racially religiously diverse kids uniforms couldn tell private public school gather rapping black kids serious south asians muslims white bullies mean girls conveyed quite naturally individually young actors recognized british tv shameless exuberant representing usual range junior high social pressures celia imrie puts warmth supervisor role martinets usually play break trip leads transformative crisis others remain amusingly oblivious think like teacher portrayed ben miles coupling spoon fed didactic lesson religious tolerance much faith people well god bbc showed england easter time bbc america showed u christmas nathalie press also good summer love key role mr harvey redemption could played movie week preaching touching reach unexpected way unfortunately saw intense scene interrupted commercials bit heavy handed several times pointedly calling road trip pilgrimage quiet film best evocation good towards men ve seen holiday themed tv movies"
"7369_1",	0,	"feeling submerged one wouldn better right must looking champagne money care final product voice gets repeatedly dubbed stranger sounds nothing like editing well grade amateurish nothing b c grade movie enough money hire couple talented cameramen ok sound designer like previous poster said problems seem appear post production voice dubbing etc bad cause plot actually ok sg flick ll never rent another sg flick unless emails asking forgiveness bad miss kelly lebrock jimbo"
"12081_1",	0,	"note george litman others mystery science theater riff think breeder favorite riff looking like simply complete absurdity right well would say must give credit mst k crew trying ridicule tv movie really make much fun dialog bill good playwright hand production bad even would disown junior high school drama club could better would recommend buy book read hamlet"
"3561_4",	0,	"stephen king adaptation scripted king young family newcomers rural maine find pet cemetery close home father dale midkiff finds micmac burial ground beyond pet cemetery powers resurrection course anything buried comes back quite right average horror picture starts clumsy insulting inept continues way absolute worst element midkiff worthless performance gets little better toward end genuinely disturbing finale point fact whole movie really disturbing completely dismiss least something make memorable decent supporting performances fred gwynne wise old aged neighbor brad greenquist disfigured spirit victor pascow enough really redeem film king usual cameo minister followed sequel also directed mary lambert wonder mainstream film work since"
"4489_1",	0,	"matrix exciting summer blockbuster visually fantastic also curiously thought provoking twilight zone ish manner general rule applies sequel doesn match predecessor worse doesn even compare reloaded explodes onto screen un professional fashion opening seconds first impression generally good one trinity shot dream immediately film nose dives disastrous first minutes gradually gains momentum enter matrix agent smith battle takes place loses speed reaches minute car chase sequence gets even worse big groan worthy twist end worst overlong zion rave scene absolutely nothing plot also pathetic excuse porn depressive dance music bullet time aspect matrix good addition reloaded overuse make seem boring first one interesting plot turns linear remotely interesting movie basically series stylish diversions prevent us realising empty really works incorrect principle bigger better appears matrix franchise quickly descended special effects drenched misfire franchises star wars saga acting standard poor part best character course goes hugo weaving agent smith one slightly interesting keanu reeves definitive neo special effects little room make much impact academy award nominee laurence fishburne reduced monotonous mentor poor dialogue carrie ann moss part action chick could done much better actress poor thrown together movie matrix reloaded disappointment didn like first one unlikely flock one die hard fans even movie sub genre special effect bonanzas minority report matrix etc still rather poor imdb rating"
"3951_2",	0,	"ulli lommel film boogey man classic average low budget chiller worth look sequel boogey man ii ultimately waste time least entertaining one taken least bit seriously ii left door open another sequel one wouldn minded seeing least one one day browsing though videos store mall came across film entitled return boogey man found sequel earlier films happy shell bucks known better though opening title boogey man sequel two far superior films named well totally anyway pros ha laugh anything good hunk cow dung let see footage boogey man um mercifully short yeah cons start decisions decisions first movie total bore goes one scene next without anything remotely interesting scary happening acting stiff best actors likely friends director acting experience whatsoever probably none since plot nonexistent script shoddily written direction plain awful director tries make film look artsy fartsy making camera move around lights flicker filters adds nothing music dull hard hear parts ties original botched suzanna love character named lacey natalie events depicted beginning original take place also title mention happened ii finally adds nothing new interesting either series genre final thoughts people behind waste time money ashamed one thing original film director first sucked instead supposed sequel film masterpiece damn sure far interesting entertaining ever another sequel doubt needs forget one ever happened handled either lommel someone least idea make decent horror film rating"
"3304_10",	1,	"movie one among indian movies would never fade away passage time would spell binding appeal ever diminish even indian cinema transforms abyss artificially styled pop culture drill oriented extras take enhancing p styled film songs cinematography speaks excellent skills josef werching accentuate monumental cinema scope effect film entirety gone days great cinema every scene clipped many times retakes taken finalizing meticulous attention paid crafting editing scenes poignant scenes filled sublime emotional intensity like instance meena kumari refuses say yes approval nikah marriage bond climbs hill running berserk traumatized frenzy moment raj kumar follows strong gale wind blew away veil kumari onto legs kumar kamal amrohi shall always remembered golden words annals indian cinema history endeavoring complete movie record setting years manage filming vital songs without meena close ups meena kumari lady lead role terminally ill fighting life early"
"9352_10",	1,	"people especially young people may understand film looks like story loss actually story alone people may never feel loneliness level cheadles character johnson reflected total opposite sandlers character fineman johnson felt trapped blessings fineman trying forget life perspective jada wonderful additive cast sandler pulls tears cheadle comic role great supporter sandler see oscars somewhere fine film ever lost felt alone film assure re alone jerry"
"3374_7",	1,	"soylent green one best disturbing science fiction movies still persuasive even today standards although flawed little dated apocalyptic touch environmental premise typical time still feel unsettling thought provoking film quality level surpasses majority contemporary sf flicks strong cast intense sequences personally consider classic new york depressing place alive population unemployment unhealthy climate total scarcity every vital food product form food available synthetic distributed soylent company charlton heston great shape plays cop investigating murder one soylent eminent executives stumbles upon scandals dark secrets script little sentimental times climax doesn really come big surprise still atmosphere tense uncanny riot sequence truly grueling easily one macabre moments cinema edward g robinson ultimately impressive last role great modest supportive role joseph cotton baron blood abominable dr phibes science fiction book nightmarish inevitable fade humanity fancy space ships hairy monsters attacking planet"
"10782_7",	1,	"michael stearns plays mike sexually frustrated individual interesting moral attitude towards sexuality problem ogling naked dancers women start sex men loses believes women actually sex lose sense innocence beauty strolls hollywood hills stalking lovemaking couples distance ultimately shooting men dead high powered rifle scope seeming primary reason movie existence indulge sexual activity story comes afterthought bound make many happily heterosexual male quite pleased re treated enough protracted scenes nudity ladies look awfully good sans clothes sex serve major dose titillation course seeing fair deal scope ups creepiness factor considerably illustrates compulsion towards voyeurism one thing mike eyes couples scope minutes time finally pulling trigger underscored awfully intrusive somewhat atmospheric music soundtrack penchant lurid trash bound enjoy one degree another even includes one lesbian tryst confounds mike renders uncertain react unfolds slow pace wraps amusing ironic twist kinky twisted rarity nothing else going definitely keep viewers glued screen"
"5414_10",	1,	"happy go luck military swashbuckler based rather loosely rudyard kipling memorable poem well novel soldiers three qualifies first rate entertainment british imperial army india cary grant delivers knock blows knuckled fists movies put together set faraway india six fisted yarn dwells exploits three rugged british sergeants native water bearer gunga din sam jaffe contend bloodthirsty cult murderous indians called thuggee sergeant archibald cutter cary grant last outpost sergeant macchesney oscar winner victor mclaglen informer sergeant ballantine douglas fairbanks jr dawn patrol competitive trio hard drinking hard brawling fun loving alpha males whose years frolic become history ballantine plans marry emmy stebbins joan fontaine enter tea business naturally cutter macchesney drum assorted schemes derail ballentine plans superiors order back action sgt bertie higginbotham robert coote sheik steps cutter macchesney drug higginbotham cannot accompany ballantine replace half fun watching principals trying outwit without hating director george stevens celebrates spirit adventure grand style scope heroes tangle army thuggees lenser joseph h august received oscar nomination outstanding black white cinematography"
"10492_1",	0,	"would love two hours life back seemed several clips steve animal planet series spliced loosely constructed script go must see wait video"
"3350_3",	0,	"script movie probably found hair ball recently coughed really old dog mostly amateur film lame fx zeta jones fanatics credibility one mr binks"
"6581_7",	1,	"looking quo vadis local video store found version looked interesting wow amazing much ken russell kind film quirky stylized artistic course different nero presented much evil incarnate wacky unfulfilled emperor would rather circus career probably wondered earth put position leading empire wasn much fun fun longed klause maria bandaur tremendous time role played worth yes nero persecuted christians vengeance one many one point one henchmen murmurs one ever understand simply protecting got right"
"2203_3",	0,	"note mad scientists everywhere re going turn son genetically mutated monster need give scarier name paul care frightening hammerhead shark mouthful dagger sharp teeth ability ambush people water well dry land give kid worthy name like thor rock tiburon even eats probably sit laughing ha get load paul monster ripping shreds worst part movie shark thing referred paul throughout entire flick makes could decent scary horror movie seem silly aren campy contrived parts hammerhead shark frenzy scientists spend entire movie wandering along island sudden one girls starts itching madly walking lush forest pour water feet relive itching course allows paul come water kill one thing scifi channel right movie let hottie live small silver lining otherwise disappointing movie"
"689_1",	0,	"must without doubt biggest waste film settings camera ever know set expectations slasher high stupid true baught film still feel urge go claim money back imagine hard stinks violent killer film motivations well actually couldn possible care less makers piece garbage sure didn care didn try create tiny bit tension director stephen carpenter guess much easier find money name like also made kindred wich rather enjoyable recently soul survivors complete crap well least one eliza dushku junk debut daphne zuniga yeah right melrose place chick memorable character dies min opening credits second person die first victim dies directly first minute nobody seems mention miss afterwards cares rest actors deserve term actors actually completely uninteresting re hoping die quick painful death charactersmy humble opinion"
"9152_1",	0,	"intrigued synopsis every gay video days hunk cover necessarily construed good sign purchased ben arthur without knowing thing second assure last purchase culture q connection video far concerned dvd nothing blatant rip make observation lightly major collector videos gay mainstream state authority without hesitation ben arthur quite simply worst film ever sat life period collection boasts films dvd well gay lesbian themed hardly every gay movie ever made comfortable stating pretty much purchase almost every gay video interest gets released often buy videos without knowing anything film sometimes makes pleasant surprise aimee jaguar water urbania normal examples excellent gay titles stumbled upon accidentally read box ben arthur concerned conflict gay lovers christian right one favorite subjects decided take plunge sight unseen despite previously disappointing purchase another culture q connection title visions sugar plums film pretty bad compared ben arthur viewed like gone wind wrong ben arthur plenty begin plot totally ridiculous film almost made sympathetic christian right asked believe church would expel member brother gay priest would actually set mob style execution gay couple order save souls like even makes sense writing poor many scenes make sense several plot points reflect logic follow connection story murder violence seem acceptable ends gay activist right wing conflict sides acting bad difficult imagine anybody film got hired characters supposed straight almost without exception clearly gay nelly stereotypes boot gay characters neither sexy interesting film enough put anybody buying gay themed videos forever distributors ashamed advantage picture culture q connection purchase visions sugarplams one soundtrack clear dialogue hardly distinction since script insipid understanding script serves make aware bad film truly embarrassment queer culture intend warn everyone possibly waste money film would way overpriced understand soon re priced still highway robbery paid original price never felt cheated life true laugh connected drivel reviews seen user reviews film numerous websites always one two praise director writer actor way obvious reviewer friend ed wood wannabe sad desperate wish imdb would allow assign zero stars even minus zero ever film deserved"
"6077_1",	0,	"would anyone really watch rubbish didn contain little children running around nude cinematic point view probably one worst films encountered absolutely dire perv woke one day thought make film little girls call art stick countryside isn need story explanation got appear live anywhere parents p rn films need anything like would comment rest film haven ticked spoilers say avoid avoid avoid find proper film watch"
"4656_4",	0,	"unremarkable unmemorable remake old celebrated english film although may overly maligned total disaster never builds tension betrays tv origins richard burton sleepwalks role sophia loren closed movie face doesn display much passion either"
"9727_7",	1,	"simon pegg plays rude crude often control celebrity journalist brought england work big american magazine course winning ways create sorts complications amusing fact based comedy co stars kristen dunst looking rather grown danny huston jeff bridges works primarily like simon pegg despite bad behavior completely understand kristen dunst continues talk despite frequent screw ups liked film end nice way cap evening sitting couch watching movies"
"1297_8",	1,	"faithful adaptation witty interesting french novel cynical depressed middle aged software engineer something relying heavily first person narration none worse downbeat petit bourgeois sort way philosophical blackly humorous best way could describe film novel something like intellectual charles bukowski disrespect cb intended mordantly funny also bleak analysis social sexual relations film great achievement reflects real life recognisable way make ask aren films like one rare examples good book making equally good film"
"5586_8",	1,	"eva hedy lamarr got married older man honeymoon realizes husband desire disappointment marriage privation love makes eva returning father home farm leaving husband one afternoon bathing lake horse escapes clothes young worker retrieves gives back eva fall love become lovers later husband misses tries eva back home eva refuses fortune leads trio place ending affair tragic way watched extase first time first remark relative horrible quality vhs released brazil brazilian distributor video network movie minutes running time seems used different reels film parts totally damaged parts damaged therefore beauty images achieved brazilian viewer chance find rare vhs rental sale film practically silent movie story dated lines consequently characters badly developed however movie also daring exposure hedy lamarr beautiful breasts naked fat body present standards beauty another fantastic point poetic metaphoric used flowers symbolizing intercourse eva lover way director conducts scenes show needs privation eva clear non conclusive end also unusual movie liked movie hope one day chance see minutes restored version vote eight title brazil xtase ecstasy"
"1119_1",	0,	"even film allegedly joke response critics still awful film one going commit sort thing least make good joke first jeroen krabb guess poor man gerard depardieu naturally hate gerard depardieu even though funny iron mask three musketeer one otherwise box office poison jeroen krabb worse poor man box office poison really fair economically disenfranchised th man supposed sort critique bourgeoisie saying isn let say hypothetically supposed wasn sharp enough satire tricky thing isn sharp enough viewer becomes butt joke instead think happened story ends bunch miserable disgusting characters nothing anyone would care interesting way either interesting worthwhile application see luis bunuel film sharp satire potential spoiler alert really blow job cemetery jeroen krabb character works hard attain even care funny since mr voerhoven supposed good film maker give benefit doubt assume misanthropic joke got control though m guessing didn cast jeroen krabb worst actor every character played pretentious bourgeois ass except incompetent becomes like weird caricature think mr voerhoven purpose jeroen krabb butt joke well see understand dilemma m faced right worst film ever supposed good director kind dupery involved knew patch adams horrible without even seeing duped th man deceptively alluring packaging mr voerhoven reputation good director etc etc"
"11241_1",	0,	"looking eye candy may enjoy sky captain sky captain video game injected live performers visials nice interesting look entire movie saying visuals thing good sky captain ten minutes knew watching one worse movies time hoping movie would get better never achieved degree interest thirty minutes urge walk kept growing growing movies seen probably five times number yet second movie felt like walking entire life acting none three main performers pitiful jude law also movie wanted walk awful title role would rather sit ben affleck gigli watch law paltrow tries hard campy backfires face last article read said paltrow thinking staying home mother rather acting performance would applaud decision story soap operas better written story behind sky captain starts bad gets continually worse progresses directing none everything put special effects story acting directing suffer greatly even phantom menace better acting saying great deal would give movie avoid paying theatre prices wait video release"
"4005_10",	1,	"although one point thought going turn graduate say mother excellent job explaining sexual desires older woman m glad british film hollywood never would done even would ruined taking time develop characters story revealed slowly realistically acting superb characters believably flawed dialogue sensitive tried many times predict going happen always wrong intrigued story highly recommend movie must confess ll forever look mom different light"
"6827_4",	0,	"dumb dumb thoroughly uninteresting supposed black comedy essentially starts chris klein trying maintain low profile eventually morphs uninspired version three amigos without laughs order black comedy work must outrageous play dead order black comedy work cannot mean spirited play dead play dead really town full nut jobs fred dunst however pretty fair imitation billy bob thornton character simple plan jake busey pretty fair imitation well jake busey merk"
"9011_9",	1,	"found movie quite accident happy kenneth branagh performance came close stealing movie helena bonham carter strong chemistry together made much enjoyable movie movie brought mind excellent movies branagh made emma thompson carter star turn disabled young women seeking complete good performance seen female lead long time portraying disabled person hard pull basically eyes show pain situation life made believable movie come current wave movies beautiful women uglying roles charlize theron halle berry fell sure carter would strong consideration oscar run across movie cable late night trust worth lost sleep"
"11885_1",	0,	"ll dispense usual comparisons certain legendary filmmaker known neurotic new yorker persona quite frankly draw comparisons bumbling loser josh kornbluth insult director also avoid mentioning spot satire office space breath celluloid catastrophe however compare waking surgery painful watch wonder whether surgeons really know re haiku tunnel kind film wish d pulled plug early stages production cruel let live result audiences around world made suffer film premise indeed one even worth discussing sake caution josh kornbluth temp worker severe commitment phobia offered permanent job main duty mail high priority letters boss ludicrously unable perform simple task reaction big deal story passing thought best one ve passed self respecting filmmaker leading actor call clumsy buffoon man chubby features receding untamed hairline series facial expressions range cringe making plain disturbing o director find schmuck say director oh mistake playing embarrassment screenplay one thing suspect mr kornbluth isn convincing human let alone actor rest assured means aimless character assassination never riled actor screen presence frustration confounded incessant camera monologues scenes mean viewer needs ounce intelligence comprehend drivel kornbluth insults us explaining action first rule filmmaking dramatize exposition show tell guy think charisma charm judging hawaiian shirts sense style casting agent shot point blank supporting actors nothing relieve intense boredom felt one exception patricia scanlon puts funny appearance helen ex secretary driven insane old boss makes harassing phone calls basement holding flashlight face make chuckle moment soon passed back checking watch remainder film film title also misnomer haiku tunnel nothing ancient form japanese poetry fooled thinking art house film pretentious sounding title fact played handful cinemas made money box office good reason"
"7897_8",	1,	"first sight movie doesn look like particular great one bette davis movies votes imdb rating must rather bad one movie turned delightful original surprise would first expect normal average typical movie formulaic love story movie surprisingly well constructed unusual original story also helps make movie pleasant one watch story carried two main characters played bette davis george brent helped cast mostly amusing characters movie mainly involves around two character involved unusual clever written love story work humorous well makes movie delightful little comedy watch perfectly entertaining movie quite short hour long means story doesn waste time needless plot lines development characters makes movie also rather fast paced helps make movie perfectly watchable one todays standards well perhaps makes movie bit simple one times never goes expense entertainment fun delightful pleasant simple romantic comedy deserves seen"
"4613_4",	0,	"well found nicholson character shallow unfortunately uninteresting angelica huston character drained power kathleen turner filthy good slut get think ideas could ve lead something film nothing notion re supposed accept ideas movie going nicholson falls turner absurd intended however strike funny b even remotely interesting waste time let hype get best waste time said opening church sequence quite beautiful"
"12106_10",	1,	"antonio margheriti danza macabra castle blood eerie atmospheric chiller succeeds fronts looks absolutely beautiful black white wonderfully creepy gothic vibe alan foster english journalist pursues interview visiting american horror writer edgar allan poe poe bets foster spend one night abandoned mansion poe friend thomas blackwood accepting wager foster locked mansion horror begins film extremely atmospheric scared hell crypt sequence really eerie tension almost unbearable barbara steele looks incredibly beautiful sinister specter elisabeth blackwood castle blood easily one best italian horror movies made early masterpiece"
"11427_1",	0,	"know sue kramer director film strong suspicion lesbian b somehow shamed everyone involved project participate prove homophobic imagine everyone thinking god horrible funny pedestrian totally lame keeping mouths shut fear labeled anti gay get gay lifestyle probably kramer cast gay people play gay people anyway even worth reviewing actors directed play every scene completely top sincerity believability anything full clich nothing movie least bit amusing much less funny hated m afraid say bad gutless people gave kramer money make bomb weren unbiased judgment"
"10135_2",	0,	"watched movie starz let go things thought could improved acting writing directing special effects camera crew sound lighting also seemed though writers idea anything movie apparently back dollar stronger could buy super advanced stealth bomber could go completely invisible million days things cost billion cant go invisible apparently fly us middle east hour completely random lesbian scene didn mind seemed like lame attempt get guys see camera would randomly zoom actors skip random scenes oh yeah since steven segal movie predictable hell rank right snakes plane"
"4221_8",	1,	"loved episode seems quick reference secretary getting punished effectively accomplice fact like episode columbo unpredictable twist like one resolution part conclusion episode along uncovering murderer interplay peter falk ruth gordon priceless one point gordon playing famous writer makes comment flattered famous lt columbo making tongue cheek allusion detective real life fame crime solver one best many great columbo installments"
"9983_3",	0,	"film massive yawn proving americans haven got hang farce even already written original film hodet vannet witty comedy errors would rate isn linguistic translation certain absurd chains events skipped entirely robbing film original clever farcical nature turning cheap oops go trousers style farce"
"9788_9",	1,	"screenwriters conference saw movie thought writer sue smith clearly summarised film however movie really didn need explanation thought themes abundantly clear inspiring movie deals ability dare face fear especially fear passed parental figures overcome embrace life possibilities film treasured savoured enjoyed much much hyped somersault also think mandy bit unkind hugo weaving bloke vintage look good agree many australian films lacklustre recently peaches delivers goods m glad saw"
"7316_1",	0,	"saw previews movie didn expect much begin around second rate teen horror movie wow movie absolutely awful generous first casting movie terrible feel sympathy matter morbid feeling characters acting terrible simply waiting hoping god awful thing end secondly points movie absolutely relation plot whatsoever somebody please explain girlish looking boy starts screaming pancakes top lungs going jackie chan moves ve never seen even biting guy virus father kid proceed get angry virus infected guy go redneck hunting spree find left feeling confusion utter disbelief literally said loud hell come simply couldn believe seen really thought seen bad movies say cabin fever tops movie made want puke puke blow brains please save hour half something productive watching grass grow perhaps proper alternative"
"9897_10",	1,	"okay sorry loved movie love whole genre kind movies see many like one anymore want ask people say movie rip cheesy imitation imitating ve never seen another movie like one well horror anyway basically popular group school like make everyones lives living hell decided pick nerdy boy named marty turns fatal really gets hurt one little pranks like years later group friends hurt marty start getting high school reunion letters ones receiving return back old school one one get knocked yeah probably know happens part disappointed end could left thought better think give try try critical cupidgrl"
"9654_10",	1,	"stephane rideau already star tour de force wild reeds one france biggest indie stars film plays cedric local boy meets vacationing mathieu newcomer jamie elkaim stunning nuanced ethereal performance beach mathieu complex relationship ill mother demanding aunt sister competitive relationship soon two falling love film fractured narrative comprised lengthy flash backs bits pieces present real time forward movement future little daunting director sebastien lifshitz doesn signal time period story line difficult follow stick film final minutes engrossing won able take eyes screen turns heart breaking uplifting film ranks beautiful thing must see cinema"
"2395_7",	1,	"though misfortune hit festival circuit austin sxsw film getting tired things like shakespeare love elizabeth movie deserves audience inside look staging scottish play actors call macbeth producing avoid curse crisp efficient stylish treatment treachery befalls troupe wonderfully evocative score looking sounding far better small budget would suggest quiet gem world class totally satisfying"
"4439_4",	0,	"yikes pretty bad play isn great begin decision transfer film favours especially peploe doesn decide wants treat material theatrical origins get occasional glances observing theatre audience etc decided go jumpy editing style intended keep reminding re watching film whereas fact serves remind watching poor film director overwhelmed material mira sorvino central performance breath takingly poor stage y plummy playing part via helena bonham carter merchant ivory oeuvre fiona shaw delivers performance note may theatrical pedigree means best able handle material hard watch film one performance alone even performance light truthful entire shaw ben kingsley turns average disengaged turn diana rigg daughter rachel stirling plays supporting role sadly none bertolucci magic rubbed wife film evidence"
"8516_2",	0,	"last week took look weekly nielsen ratings veronica mars supposedly best show re watching well re right re watching aired twice ranked translation lowest rated show nationally broadcast network deservedly tried watch couple times press coverage hyping great show realistic look life nonsense reality otherwise veronica mars bore unrealistic gets richly deserves canceled mystery cw felt compelled put inaugural schedule lowest rated show memory two years continued commercial artistic failure"
"9057_3",	0,	"absolutely crappy film movie made hell billy bob thornton charlize theron signing mediocre waste time beyond strong advise anyone sitting catch flick waste time film"
"11289_4",	0,	"elizabeth ward gracen probably remembered one bill clinton bimbo eruptions pills probably weakest element show really continues tired formula highlander series hero immortal encounters another immortal flashbacks last time met conflict sword fight end cheap special effects sequence character nick wolf basically typical unshaven hero typical sexual tension storyline seriously hollywood types think sexual tension interesting sex joint canadian french production half series takes place vancouver imitating new york half paris like highlander"
"301_10",	1,	"laughed superb peter bogdanovich finally getting recognition deserves many reasons fact set new york truly sets tone fantastic soundtrack appealing star turns ben gazzara late john ritter superb course classic complete without audrey hepburn film light breezy romantic comedy much vein screwball comedy thirties film essentially odyssey detective agency run gazzara fellow detectives pot smoking roller skating eccentric blaine novak films co producer john ritter basically gazzara falls rich tycoon magnate wife hepburn ritter falls beautiful dorothy stratten sadly murdered infamously production laughed essential viewing bogdanovich fans"
"4155_10",	1,	"stunning episode fine series television excellence best story takes place beautifully filmed black white almost film noir style deep shadows stark images story two men fall love want spoil rare presentation homosexuals faced america written superb tom pettit directed great jeannot szwarc move lives love tragedy taking sensitive issue makes episode stunning emotions torn edge characters chills ran spine end played bob dylan gorgeous ah much older m younger sung byrds one goes far past way stars beautiful"
"8880_3",	0,	"movie o k could much better spooky moments aren enough make ever want see movie scenes could fast forward miss anything biggest flaw predictable reason rated low watchable expect anything great"
"9569_9",	1,	"understand chinese took hong kong infamous cat hong kong movies kind disappeared least amazing movie one knew rough crime drama going first cat ve purchased made recently wasn sure expect cambodian hit man goes hong kong knock wife judge also lawyer turns judge made arrangements hit man divorcing judge threatening take money known within first ten minutes nothing given away hit cops locate hit man pretty fast trying arrest several police officers civilians killed eludes police race catch guy escapes back cambodia movie never stops hardly gives viewer chance catch breath yes violent intense many cops killed hit man proves hard track take locate along way hit man trying hide dump finds women raped mistreated man helps saves guy persuades hit man take along escape loved movie like roller coaster keeps moving moving high speed one incident leads another police times bad worse hit man acting exceptionally good location filming photography time breathtaking let movie even incredible ending ending pretty much unbelievable also fitting end action violence yes violence brutal times nonsense crime drama knock socks dog eat dog definitely needs widespread release including r release sure great movie highly recommended"
"1510_8",	1,	"yes horror anthology film lot fun although film clearly horror stories light spirit even occasionally laughs isn bad thing sometimes horror films bit stuffy overly serious four stories pretty good one better movies style seen unifying theme connects story house four different stories involve people either rent home investigate happened tenants first segment starred denholm elliott horror writer writer block change scenery rent house almost immediately elliott block vanishes works steadily tale serial killer amazingly soon block vanishes begins actually see fictional character psychotic killer appears disappears making seem losing mind might best stories nice twist ending makes story come alive second bad probably weakest peter cushing plays bachelor pining girl friend died time ago though picture looked amazingly contemporary enters chamber horrors wax museum town sees wax figure reminds lost lady fascinated scared later friend joss ackland visits sees figure entranced leads ending frankly bit letdown christopher lee stars incredibly harsh stern father pathetic little girl segment lee seemed like idiot end understand demeanor though slow one ended well fourth segment silliest meant parody genre jon pertwee third doctor dr television series temperamental actor known portrayals dracula however nothing right film according fit pique stomps set find better props vampire film actually pretty interesting played role seemed like natural christopher lee played dracula vampires bazillion times give take enjoyed pertwee line basically said lee recent incarnations dracula crap compared bela lugosi perhaps lee didn take part despite silly moments entertaining fun possibly good better first segment considering film started ended well excellent acting writing hard like film"
"1782_4",	0,	"charming boy mother move middle nowhere town cats death soon follow sums ll admit little freaked cats seeing movie seriousness spite numerous things wrong film believe plenty go around overall enjoyable viewing experience characters like caricatures basis instincts rely fear greed pride lust anger seems motivate people although argued seeming failing actuality serves telling story supernatural premise fact stephen king screenplay anything specific mr king quite nicely supported interesting fx work makeup quite suitable music absolute gem film without doubt alice krige plays mary brady otherworldly mother king manages take simple story outsider people little different okay lot case trying fit twists campy top little horror gem collection horror fan"
"8352_1",	0,	"rented movie falls genres romance western grand canyon scenery thrown re expecting typical wholesome romantic western forget movie pure trash romance young girl even gone puberty middle aged man child also lusted leering men sickening peter fonda portrayed virtuous trying resist attraction brooke shields character mostly one pursues relationship tries shoo first eventually gives drive happy loving couple revolting see movie could appeal anyone except pedophiles"
"5983_8",	1,	"first saw film teenager time heavy metal ruled world trick treat every element movie rocks cast features skippy family ties gene simmons kiss ozzy osbourne preacher go wrong backwards evil messages played vinyl yes thats right use records movie one scene eddie skippy listening message evil rockstar record player things begin get scary monsters start come speakers stereo becomes possessed teenager tried playing records backwards hoping would happen mine almost years later trick treat still one time favorite movies"
"11232_1",	0,	"sad even though shot film think stinks little bit flicks like blood lake nothing music play funniest stuff ve ever heard like brother sister movie try hard sound sarcastic re saying stuff like friends going jealous hey whats killer wearing mask beginning thats retarded practically ignored second half favorite part movie sound effect use killer using axe exact sound every chop"
"796_3",	0,	"somewhat dull made tv movie premiered tbs cable station antonio janine run around chasing killer computer virus trivia buffs noted debuting weekend real life melissa virus also made debut e mail inboxes across world"
"1150_10",	1,	"warning possible spoilers really keep reading ahhh many reasons become utterly addicted spoof gem won room list opening credits set playful scene kitsch late cartoon stills enchanting peres prez prado mambo theme appears curiously uncredited grunts unmistakable one else familiar cast names including kathy najimi full year hit sister acts plus teri hatcher tv superman every scene imbued shallow injustices flung various actors actresses producers daytime tv peeking behind careers people excuse old fashioned delicious farce robert harling penned riotous spoof plays like issue mad magazine feels like gift us audience cliched characters bit dim everyone drizzling high jealousy especially celeste talbert sally field show perennial award winning lead nicknamed america sweetheart daytime emmies like awards opening introduce us celeste show sun also sets vain fears contrary celeste wins overjoyed always genuine thrill adam watch won well nguh reason adam absence soon becomes justification entire plot re instantly trip celeste neuroses cries screeches wrings hands though rest movie dresser tawnee kathy najimi constantly waddling celeste unseen celeste fog paranoia indulges taste tammy faye baker tawnee fact specifically hired rosie schwartz whoopi goldberg seen head writer show celeste excellent support networks years celeste freaks rosie offers write show six months ll say maggie went visit dalai lama celeste doubts thought dalai lama moved la well lama fernando lamas come skewering line must rather affronting still living beefcake actor lorenzo lamas son aforementioned fernando lamas d remember economics teacher ben stein ferris bueller day deadeningly calls roll bueller bueller bueller take secret pleasure seeing nitwit writer well hidden member cast include garry marshall real life mr happy days brother penny gets paid million make command decisions sun also sets says definitely likes peppy cheap carrie fisher betsy faye sharon bitch geoffrey anderson kevin kline yummy spoon way dinner theater actor rescued hell david seaton barnes robert downey jr brought back show canned years earlier course presents logical challenges current scriptwriters character rod randall supposed decapitated years ago somehow work logical difficulties geoffrey anderson steps choo choo celeste get worse trick going across washington bridge longer helps first hands shake tries put mascara soon degenerates stalker unfortunately cannot get rid geoffrey anderson easily geoffrey promised development one man play hamlet means hold producer promise m going back florida argues geoffrey try playing willie loman front bunch old farts eating meatloaf indeed seeing geoffrey dinner theater lifestyle amongst hocking accidents hilarious back florida willie loman fat suit room geoffrey anderson used chafe called stage mr loman forced splat whatever cockroaches crawled across tv shoe use pliers instead broken analog channel changer find yummy surgeon dating laurie craven show new ingenue leaving beautiful elizabeth shue laurie rounds amazing ensemble cast fantastic job know stereotypes well course course true love never run smoothly montana moorehead cathy moriarty getting impatient waiting star rise getting desperate publicity plots finally succeed celeste settle nerves kill tawnee first producer get mr fuzzy ll watch second half utterly lovable farcically malicious riot ll really see believe short sighted geoffrey reads lines without glasses live teleprompter stitches stomach heaving laughter tears pouring face feel free demand money back video rental soapdish unmissable gem need see often movie deliver amply many hilarious lines well crafted humor almost writing draw blazing saddles uproarious apoplexy value although otherwise dissimilar watch weep happy source anyone video addiction"
"11268_1",	0,	"hoping film going least watchable plot weak say least expecting lot considering cast line wonder include cvs least didn pay rent best part film definitely dani behr rest film complete utter pants"
"10064_10",	1,	"king masks beautifully told story pits familial gender preference towards males human preference love companionship set china time floods meet wang elderly street performer whose talents magical capture awe witness famous operatic performer sees befriends wang invites wang join troupe however learn wang family tradition allows pass secrets son learning wang childless wang encouraged find heir magic lost forever taking advice heart wang purchases year old fulfill legacy would teach new son doggie ancient art silk masks soon wang discovers fact doggie threatens rare dying art together wang doggie create bond experience range emotions invariably accompany story absorbing setting serene costuming simple summarily international award winning art film help move inspire"
"6666_4",	0,	"really wanted like film story ridicules want spoil film worry right begin know something bad going happen example sloppy film put together cowboy twig ride ridge cowboy handle bar mustache cowboy twig get shoot race half way ridge cowboy clean shaven rest film sometime gun fight ride mountain cowboy time shave dark back horse fair acting four main characters solid"
"11471_7",	1,	"big fan cinema verite saw movie heard interesting honestly say interesting indeed two lead actors awesome film isn ever boring concept behind though obviously inspired columbine killings home movies killers really interesting weaknesses final minutes really detracts realism seen first hour ending really doesn make sense shaky camera sometimes distraction cinema verite given still think movie well done director ben coccio deserves credit"
"9343_1",	0,	"begin review film soon recognized worst film time worst director time film could develop cult following bad good analytical approach criticizing film seems pointless part band wagon syndrome let bash freely without worry backlash every human earth people like film like flaws d cite film universal poor quality goes without saying sixteen years alcohol without competition title worst film sink pretty low acquire title keep hold believe film could go distance imdb doesn allow enough words cite films failures much easier site elements sixteen years alcohol right unfortunately moments glory far buried shadows film poorness task worth pursuing impressions thought knew getting warned drink several cups coffee sitting watch one wish suggestion cups vodka despite low expectations sixteen years alcohol failed entertain even make fun bad movie level bad obnoxiously bad though jobson intentionally tried make film poetical yawn went overkill shoved poetry throats making profound funny supposedly jobson sincerely tried make good movie even viewing sixteen years alcohol promotional literature trouble believing jobson sincerity pointless obnoxious till end several grin chuckle moments m sure none intentional spiced film elements prevented turning dvd bad good enough believe serious movie moments keep turning nothing definitely film watch group bad movie connoisseurs get running commentary going would ve significantly improved experience bad mike myers commentating cod scottish accent runs turn whole piece sludge comic farce ok dare ma man pass annuder gliss dat wiskey"
"1142_3",	0,	"ve fouled beaten submission harsh statements femme fatale guns n gals movies comes another breed disappointing rediscoveries ninja movies many ve seen let tell aren cracked usually stick point among others suffers originality ninja got preventing nuclear holocaust russia isn supposed martial arts movie plenty gunfire sound like incredible action movie blood number one reason love death waste hard earned cash lady singing see tank top answers important questions found ninja mission martial arts section video store even nonsense ninja fun try checking godfrey ho movies put trans world get deserve promise recommended hardcore ninja addicts"
"6403_3",	0,	"level wit comedy operates barely even reaching feature length till need glasses collection mostly dirty jokes many short believe realize supposed punchline example santa claus gag others long believe realize needed much time set punchline example students awards gag nearly directed without artistry get wrong every jokes actually manages funny iron phone one probably favorite also wonderful full frontal nudity proves yet female body especially natural form best thing planet comedic male nudity well agree others intentionally stupid title song actually pretty damn catchy none reasons enough give film anything"
"5440_2",	0,	"huge lynn peterson fan ever since breakthrough role blockbuster movie far north even though loved one film slow plays francis far away strongest role lynn m sure know plays critical role driver unfortunately lynn amazing performance m afraid movie doesn really much going oh wait one thing amazing creativity editing remove profanity tv viewers memorable lines like son gun son witch shoot well forget o k bye p anyone know get another lynn peterson poster"
"8697_7",	1,	"often laugh loud funny play sex family classes beverly hills milks laughs zip code seen since days granny jed clampett plot centers two chauffers ve bet one bed employer single soon single ladies quite sexy bisset woronov first manuel wins friend pay debt violent asian street gang loses must play bottom man friend lots raunchy dialogue fairly sick physical humour etc lot comedy beneath surface bartel memorable sensual oder member family ends taking sexy teenaged niece year long missionary trip africa hilarious fun"
"8459_3",	0,	"interesting camera work story much potential never comes together anything student graduate thesis film school two primary reasons fist single likable character even villain might admire chutzpah secondly acting awful even veteran willem dafoe ham plentiful feel like re picnic one wretched company employee picnics drink much cheap beer get hangover even stop drinking eat underdone hotdog throw right m little rough young director might still go places said camera work quite good feel cheated blurb film suggests get watch modern western dvd packaging pictures suggest well nobody actually connected film making seems know kind film re supposed making betrayal hurts even without fact remains like characters feel embarrassed actors story hopelessly muddled last analysis care took dvd player half way rental store wouldn give money back really hurts"
"6520_7",	1,	"original demille movie made frederic march good film indeed hollywood love remakes brings us fairly interesting movie starring yul brynner course brilliant almost always seemed movies charlton heston andrew jackson stroke genius however movie tend get little long places move pace version still fun movie seen least"
"9952_8",	1,	"watching movie thought movie great flashpoint watching movie flashpoint last jenna jameson brad armstrong movie previously watched far sexual scenes concerned disappointed thought sexual scenes dreamquest great flashpoint sexual scenes disappointed except asia carrera sexual scene sexual scene movie doesn make feel great know mean great jenna jameson doesn kind sexual scenes capable felecia stephanie swift lovely girls disappoint well far sexual scenes concerned although adult movie aside sexual scenes factor movie good typical adult movie standards concerned movie definitely raised standards adult movies story acting direction sets makeups technical stuff movie really great actors movie done really good acting done great job dreamquest definitely raised bar quality adult movies"
"8605_10",	1,	"jeanette macdonald nelson eddy star modern musical showcases macdonald comic abilities surreal musical seem making fun fashions even current vogue eye popping costumes sets yes b w add surreal dreamlike quality entire film several good songs enliven film twinkle eye number total highlight including fun jitterbug number macdonald binnie barnes also huge cast edward everett horton reginal owen mona maris douglas dumbrille anne jeffreys also seen extended bit parts esther dale almira sessions grace hayle gertrude hoffman rafaela ottiano odette myrtile cecil cunningham many others great fun nice see wonderful macdonald jitterbug vamp routines could"
"10531_10",	1,	"love movie friend marcus browsing local hastings urge rent something never seen stumbled across fine film idea going turned spectacular thumbs liked film shot actors funny looking funny movie also makes think highly suggest quickly run local video store find movie would tell favorite parts might ruin film won movie definitely top list good movies really think nothing bouncy"
"11736_9",	1,	"familiar cassandra peterson alter ego elvira good place start elvira mistress dark starts heroine gravity defying boobs receiving message seems great aunt died needs present reading anxious raise money show wants open las vegas decides go hopes getting lots lots money unfortunately place go town fallwell massachusetts stay spell due car breaking finds great aunt left things house dog cookbook town residents mixed reactions teens like women hate men lust although trying remain moral pillars community worst problem turns great uncle vincent w morgan sheppard wants cookbook seems cookbook book spells make powerful warlock film actually pretty funny peterson k elvira using endowments sexiness joke forget tomorrow re showing head two things mean thing two heads especially funny edie mcclurg chastity pariah woman works hardest keep town line ends looking ridiculous picnic scene perfect example deserves peek film boobs course"
"2614_1",	0,	"sequel actually remake disney live action remake dalmations cruella devil glenn close released prison cured obsession fur psychologist named dr pavlov ugh cure broken cruella hears toll big ben goes mad quest make perfect coat dalmation hides movie bad many levels starting fact thanksgiving family schlock movie designed suck every last available dime disney marketing machine glenn close acts cruella put movie lame script endless makeup getting baked cake end hope gave extremely large paycheck speaking world going find fur coat factory bakery rube goldberg assembly line candlelight restaurant located within building climax film course real stars movie supposed dogs serve macaulay culkin movie pulling stupid home alone gags villains biting crotch running hands luggage carts squirting icing etc etc etc ad nauseum admit dogs fairly good actors much better humans gerard depardieu completely wasted movie freaked french furrier two human dog lovers rehashed earlier film different actors completely boring spaghetti dinner italian restaurant movie cuts back forth two lovers dogs home watching dinner scene lady tramp thought oh please go half expected humans satire lady tramp dinner scene charlie sheen hot shots part deux spaghetti strand kiss pushing meatball nose etc get started annoying parrot eric idle voice costumes nominated oscar costumes movie good good thing movie rest unbearable dreck"
"2382_1",	0,	"movies like plan bad charm like waterworld inexplicable draw car accident like desperate living hate admit love cowgirls none redemptions cast assembled enough talent make almost plot watchable ve told book enjoyable could movie intolerably bad begin seems director brought together cast names tie bring somethings tell best kevin costner imitations open book random start shooting whatever page making sure keep wide expanses america interesting way finally give editing job brother law meat packing plant laid twenty years cutting experience movie defines basement bad isn even good bad"
"7168_10",	1,	"m serious truly one fantastic films ever pleasure watching wonderful rarely good book turn movie good possible better novel based perhaps case lord rings trainspotting rare occurrence indeed think fact louis sachar involved beginning helped masses film sticks close story takes even film many elements make unique original story good mix fun humour mature edge brilliant actors adults kids alike actors know bring story life deliver lines enthusiasm style without going overboard sometimes happen kids movies breathtaking scenery doesn matter real cgi setting masterpiece especially love image holes birds eye view talented director breathes life book turns technicolour genius transitions time work well capture steady climax book leading twists throughout film louis sachar guy reading book nonstop start finish couldn put makes sure script sticks book new bits added make even better speaking script one liners smart funny unpatronising also parts make smile make cry tug heartstrings make love story beautiful soundtrack song film haven fallen something considering m supposed punk rocker songs link story well add extra jazz overall style film re going buy film recommend buy soundtrack especially centres around story contains chorus book work people made holes way m fan plugging favourite film giving review deserves haven seen instant go"
"9060_1",	0,	"channel surfing caught logo one watch horribly bad moments like roadhouse without joy writing atrocious completely inane acting throw mouth bad low budget abyss epic tossed never seen mean main characters go ski retreat rented house house well ordinary big deal choose show houseguests pouring like sistine chapel m sorry watching guys stare every x boring room futon gushing lame guess didn learn anything bad news bears breaking training see hotel room check scene wow toilet yaayyyyy buy top anything goes routine smells like looks like well know rest avoid like plague edit apparently close minded reviewers believe since disliked movie obvious hater assume means phobic course true decided wacky crazy thing judge movie based actual content film mere presence e refreshing see sure may refreshing see doesn equate great movie give better material work tighter direction fact applaud effort frankly d rather go listen kitchens distinction catalogue watch"
"1777_10",	1,	"first saw romeo division last spring first reaction brilliant however future viewings provided much masterful film making picture singular voice echo throughout annuls film history opening montage provides splendid palette helmer jp sarro uses establish art canvas entertainment sarro truly uses camera paintbrush brings us along ride envelops audience tremendous action movie goes beyond traditional format become accustomed dives deeply dark themes betrayal revenge importance companionship movie director dream core however sarro alone epic undertaking writing provided scribe tim sheridan breathtaking dialogue precise direct gave actors presence charisma screen specifically speaking final scene warning spoilers spoilers vanessa reveals one coalition villain time written dark tone one chilling endings ever seen sheridan next robert towne final note obvious production small feat therefore much praise must given producer scott shipley seems creativity genius walk next jerry bruckheimer never witnessed production grand much attention directed every little detail producers job one hardest movie shipley makes look easy film combines creative writing stunning production masterful direction art film best ending film arrives thing desired romeo division groundbreaking masterpiece importantly romeo division indeed art"
"5466_1",	0,	"looks creators class nuke em high wanted become cult film ends old high school b movie tackier satire feels totally overshadowed extremely steretyped characters un funny even turkey"
"10533_10",	1,	"totally agree nothing fantastic film ve laughed much watching film ages david hewlett andrew miller fantastic really work well together film may appeal people really say without spoiling loved highly recommend directing great shots clever looks though may lot fun filming although really main characters film awful lot props actors manage pull make film enjoyable watch"
"5198_3",	0,	"isn worst movie ve ever seen really recall ve seen worse one thought would aircraft accident investigation really soap opera bad one overplayed conflict card extreme first hour seems like shouting match implausible scenes thrown possible spoiler minute memorial scene requisite black umbrellas rain fictitious crash victims lame thought would never end avoid one costs unless revel conflict"
"4784_2",	0,	"beautiful attracts excellent idea ruined bad selection actors main character loser woman friend friend upset viewers apart first episode become boring boring first considers illogical behavior one normal would behave way main character behaves represents typical halmark way endear viewers reduced amount intelligence scenario casting director destroy question halmark producers cat main character wonderful main character behaves according friend selfish"
"11761_1",	0,	"complete drivel unfortunate manifestation hypocritical toxic culture decade ago movie pedestrian regrets slavery go hand hand colonialist subtexts annoying redhead feeding shaka rice forget historical reality didn western slaves comes west africa american slaver easily capturing shaka handful men finally david hasslehoff could obnoxious one ponder would fared miniseries promptly impaled likely miniseries superb unfortunate dh gotten hands something unique made mundane tend think hand creating fiasco"
"292_10",	1,	"okay first got movie christmas present free first movie meant stereoscopic d part whenever main character car movie falls flat d hard film car second story isn good lot things wrong third showing deaths beginning film made movie suck whenever going get killed watch good laugh waste time buying download something cheap"
"5240_1",	0,	"soon hits screen destroys intelligent life forms around behalf producers must say doesn fall known movie category deserves brand new denomination neurological drama saddens depresses every single neuron inside person brain closest thing one ever get stroke without actually suffering one drives speechless members go numb mouth falls open remains strange symptom get wishing go blind deaf small feat sort movie word comes mind finished ordeal outrage"
"3088_8",	1,	"unfortunately stumbled onto show late lifetime caught episodes three cancelled abc loved characters storyline great actors fan sex city saw two characters recognized bridget moynahan character todd smith jared well jay hernandez carlito way rise power erika christensen swimfan enjoy watching young actors get due felt like show would propel career along hope least gets put back dvd maybe wb pick second season sometime meantime m viewing abc website beginning"
"4032_4",	0,	"never heard one turned cable tv typical late sci fi sober depressing little paranoid despite equally typical inclusion romantic couple film pretty much put across documentary style perhaps cheap way leaving lot exposition narration excuse insert much stock footage humanly possibly unmistakably extremely low budget venture uninteresting apocalypse via renegade missile angle later utilized far greater aplomb dr strangelove fail safe mercifully short film single minded approach subject matter results good deal unintentional laughter particularly scenes involving imminent childbirth gang clueless juvenile delinquents"
"2399_7",	1,	"hit south southwest sxsw film festival austin last year features fine cast headed e r gloria reuben scenery chewing john glover though shot small budget nyc film looks sounds fabulous takes us behind scenes whirl rehearsal mounting actors call scottish play reference word macbeth thought bring play ancient curse acting company exhibits emotions play lust jealousy rage suspicion bit fun well games begin accomplished actor replaced lead role well known pretty face tv soap opera scene order draw bigger crowds green eyed monster takes drama unfolds nicely fine soundtrack good performances around dvd includes director commentary deleted scenes well"
"11259_1",	0,	"gave film understand ettore scola one greater directors italian cinema made film like stupid ridiculous stories people involved movie unsubstantial boring interesting long boring things save movie giancarlo giannini vittorio gasmann hope scola change radically themes style next film"
"8437_3",	0,	"big fan david mamet films plays especially first film house games also starred joe mantegna expecting great things film instead found annoyed film superficiality lack credibility racial slurs thrown without feeling meaning behind hopes setting racial tension never materialized identity totally reevaluated men become heroes apparent reason oaths taken cop lead character adamantly refuses perform one relatively small action would harm one could possibly save lives yet performs another action violent illegal still refuses minor action addition highly unbelievable subplot involving man killed family introduced sake plot point advertised skywriting cop reaction occurrence stretch credulity way beyond reasonable limits needless say expecting another exciting thriller david mamet extremely disappointed say least"
"1864_1",	0,	"may critic think movie well watched movie cinemax first say much hate storyline mean come snowman scare besides little kids secondly pretty gory bet since movie low budget probably used ketchup critical vote bomb nice try sequel suck twice much"
"5107_1",	0,	"uk edition show rather less extravagant us version person concerned get new kitchen perhaps bedroom bathroom wonderfully grateful got us version show everything reality tv shouldn instead making improvements house occupants could afford entire house gets rebuilt know show trying show lousy welfare system exists us beg hard enough receive rather vulgar product placement takes place particularly sears also uncalled rsther turning one family deprived area potential millionaires would far better help community whole instead spending hundreds thousands dollars one home build something whole community perhaps place diy power tools borrowed returned along building materials everyone benefit want giving one person cause enormous resentment among rest local community still live run houses"
"8157_4",	0,	"hello mary lou prom night ii starts hamilton high school prom mary lou maloney lisa schrage cheating date bill nordham steve atkinson bud cooper robert lewis bill finds devastated meanwhile mary lou announced prom queen takes stage accept award bill still hurting decides play practical joke mary lou throws firecracker stage still lit fuse catches mary lou dress setting fire within seconds mary lou toast years later hamilton high soon hold annual prom night bill micheal ironside principal teenage son named craig justin louis dating vicki carpenter wendy lyon planning going prom together bud richard monette priest terrible night years ago still haunt bill bud one day vicki looking around schools basement discovers large trunk opens turns bad move vengeful spirit mary lou set free intent claiming crown prom queen spare time sets avenge untimely death first jess browning beth gondek whose death put suicide mary lou begins posses vicki body night prom draws nearer disposing competition shape kelly hennenlotter terri hawkes tries fix prom wins mary lou vicki body crowned hamilton high prom queen allows mary lou come back dead make unexpected appearance really liven party absolutely connection original prom night directed bruce pittman thought hello mary lou prom night ii wasn particularly good film script ron oliver concentrates supernatural elements rather cheap teen slasher themes whether good bad decision depend expectations suppose personally found different elements didn really gel work well together whole film far slow really enjoyable opening sequence mary lou dies one else killed half hour mark film plods along another half hour vicki finally possessed film finally picks momentum climax evil mary lou kills whole one person prom supposedly defeated come horror film fans expect clich d killer dead ready sequel ending didn expect hight body count five throughout entire film none particularly graphic although like way monica beverley hendry beverly hendry tried hide shower room locker mary lou crushed resulting poor monica blood oozing supernatural side hello mary lou prom night ii depicted vicki lots hallucinations first hour mary lou controlling objects latter stages including couple creepy shots rocking horse comes life blackboard scene quite good well turns water zombie hands drag vicki slasher side hello mary lou prom night ii isn outstanding like mary lou churns obligatory one liners made good villain even didn get kill enough people oh yes get running homages various horror film director almost character sharing last names one obviously adds nothing film nice little touch suppose acting ok normally dependable micheal ironside looks lost uninterested almost asking ll ever work forget gore someone hanged stabbing crucifix happens screen someone impaled neon light computer goes crazy electrocutes someones face mary lou bursts vicki body first rotting zombie quite cool scene full frontal nudity shots girls shower well thing give credit hello mary lou prom night ii ok watch reasonable production values throughout generally well made overall disappointed hello mary lou prom night ii slow ultimately uneventful maintain interest nearly minutes m sure whether deserves star rating ll give nothing specifically wrong suppose ve sat much worse films didn really anything m afraid"
"2681_3",	0,	"good story film done properly would quite interesting hell ending film fact point scenes zip quick felt part film emotionally feeling detached understanding storyline performances cast questionable believable miss conclusion somewhere film guess wait sequel"
"11724_8",	1,	"elvira cassandra peterson host cheap horror show finds dead aunt left stuff elvira goes england pick hoping money horror elvira finds aunt left house dog cookbook elvira decides settle house anyways striking dark looks stunning features able live peace neighbours turning whole town elvira outrageous attitude looks everyone better watch elvira fire really enjoyed movie really fun watch get elvira adventures great whole movie puts halloween mood sure silly jokes cheap pleasure watch would give elvira mistress dark"
"12397_8",	1,	"first time see second renaissance may look boring look least twice definitely watch part change view matrix human people ones started war ai bad thing"
"4680_10",	1,	"terrfic film slightyly slow start give chance start cooking story builds interest complexity characters storyline subvert expectation cliche right moments superb new york city locations gritty real fantastic antidote commercial imperatives sex city fact entire film antidote hbo hollywood notion new york city sex relationships rare film treats characters honestly compassionately loved great cast notable performances steve buscemi rosario dawson love interest forgot name"
"1889_10",	1,	"family watched arthur bach stumble stammer since movie first came lines memorized watched two weeks ago still get tickled simple humor view life dudley moore portrays liza minelli wonderful job side kick though m biggest fan movie makes enjoy watching movies favorite scene arthur visiting fianc e house conversation butler susan father side spitting line butler would care wait library followed arthur reply yes would bathroom question newmail notification computer arthur truly funny stuff"
"2511_4",	0,	"director fred schepisi roxanne directs well intentioned inferior comedy albert einstein matthau trying hook scientific niece ryan ordinary guy tim robbins order get relax enjoy life get ryan like robbins einstein tries make robbins look like brilliant scientist idea cute film falls flat corny situations silly dialogue tim robbins meg ryan terrific supporting cast best keep silly comedy afloat unable rescue film unfortunate much talent went producing lackluster movie would recommend anybody unless huge fans meg ryan"
"9170_1",	0,	"question one sees movie bad necessarily movie bad get made even see awful first place learned experience learned rules horror movies catalogued satirized countless times last ten years doesn mean someone won go ahead make movie uses without shred humor irony movie described loosely based video game script problems black character may always die first asian character always know kung fu may proud figured matrix effect budget doesn necessarily mean use ad nausea ron howard brother guarantee choice roles whenever scene doesn edit together use footage video game one notice cousin rap metal band offers write movie theme free politely decline zombie movies people killing zombies re zombies killing people preferably gruesome way possible makes scary white people pay get rave deserve die find old book tell everything need know anything else figure two lines someone asks bare breasts horror movie panacea helicopter boom shot licensing deal sega magically transforms movie student film major studio release try name drop three living dead movies make george romero even paul w anderson ve seen worse movies ve seen mortal kombat annihilation"
"2592_10",	1,	"used watch either hbo showtime cinemax one summer mid parents subscribed channels came across several times various parts always found dark bizarre fascinating young early teens years later discovered great arliss howard blown away big bad love bought dvd wilder napalm re watched girlfriend first time many years absolutely loved really impressed affected many dynamic fluid complexities cleverness within camera movements cinematography perfectly gel intelligent intense immediate chemistry three leads story music actors well truly cinematic love arliss howard subtle intensity ambivalent strength hidden intelligence m big fan anything interplay debra winger manic glee course married magic charming reality goes past camera wonder watch wedding anniversaries big bad love next stop anyone seen brilliant dennis quaid full clown make sneakily introduced angled hidden displayed shot selection full bloomed delivery kind pure dark movie magic see often quaid always sinister quality anyways huge slit mouth span hiding behind flicker eyes lying wait unleash either mischievous charm diabolical weirdness howard quaid insane fire behind eyes pull wonderful intense internal gunslinger square offs darkly cool fashion fact whole film darkly cool energy hip intensity really fantastic film put together intelligence imagination agility chemistry parties involved really cannot imagine got funded looks pretty expensive conventional imagination less system thank god films like slip system every awhile great way day glo bright carnival colors hip intelligence darkly warped truthful humor enthralling chemistry reminds one favorite films time grosse pointe blank compliment book"
"2493_1",	0,	"truly dreadful film know initially kiwi effort soon started realize characters speaking hardly disguised kiwi accents fake american ones need set n america anyway could set nz actors could used normal voices surely someone production team could hear dreadful attempts speaking american accents bad bad film surprised lasted long make seemed like poor attempt segal willis type action man flick total waste money taxpayer money piece trash would leading revolution money put back treasury still reeling get pun reeling absolute garbage seen continue watch well movie fanatic cant help"
"1587_2",	0,	"maybe television brutal one day maybe big brother first step direction stephen richard bachmann king described end point enough spend much words talking serious background topic movie exactly producers hoped choosing material th day matter primitive film provokes discussion topic serves producers publicity let taken social criticism suggested plot summary alibi make possible produce speculative violent movie video sale cinema didn read book dare criticising stephen king without read saw film thought couldn make terrible film good book typical set music minor actors arnold schwarzenegger finds policeman running away killers within cruel tv show audience cheering together predator definitely schwarzenegger stupid movie stars"
"6244_8",	1,	"every country working film industry sane maybe insane artist make movies completely understand re part country guess hundstage movie see lowest level austria society dirty disturbed weird hateful still enough money afford tuned cars big houses definitely lot strange things maybe seems normal re whole life normal human viewpoint easily follow movie disgusted fascinated watch fine piece austria art movies live know people see characters hundstage tumor society society going insane day day creating rules nobody else understand cave social system within see people sitting park standing opposite street corner queuing line maybe meet em bar disco may visit maybe even work job living next house start hate without exactly knowing ll try get away cannot maybe ll end like seems normal re whole life life isn bright though austria one richest countries world beautiful people also ugly lot hard working persons trying best also riding back others destroying everything folk austria built far pessimistic movie"
"5971_3",	0,	"talked watching movie friend blubbered cute story yuck want two hours back could done many productive things time like instance twiddling thumbs see nothing redeeming film save eye candy aspect generous"
"2301_10",	1,	"really incredible film though isn popular extremely touching almost life altering least definitely worth seeing buying added favorite movie list number one touching movie people see man moon ll incredible favorite movie saw today d recommend anyone long re somewhat mature really try feel characters emotions ll never get true meaning value movie really incredible watch ll alter way people look life worth seeing"
"1520_7",	1,	"four stories written robert bloch various people live beautiful old mansion happens first denholm elliott novelist sees killer writing come life spooky moments twist end good second peter cushing becoming obsessed wax figure resembling dead wife third christopher lee child chloe franks scared leads pretty scary ending although ending story much worse last comedy jon petwee ingrid pitt chewing scenery cape turns people vampires also cute line christopher lee playing dracula good horror anthology nothing terrifying first one ending third gave pleasurable little chills also fourth one actually funny pitt makes sexy vampire also house looks beautiful creepy well directed nice atmospheric touches good unusual movie score good little horror anthology well worth seeking try see dvd lions gate one looks fantastic strong colors great sound"
"6235_1",	0,	"well done al gore become first person made billion dollars global warming lie like man made fable world one best lies sucked many people sure polution good thing would love tree keep growing global warming business employes thousands people mislead google many things add well done al failed politician went make lots money sucking world whats next santa real"
"2230_10",	1,	"ve looking name film years believe aired tv remember teenaged girl alone survived plane crash surviving amazon remember people looking family knew take care narrates story vividly remember knowing bugs skin remember much else movie want see one copy could email horsecoach hire hotmail com d curious attain copy see fact film remember aired thanksgiving us going problems film really impacted heavily thanks advance"
"11464_1",	0,	"claim sort expert marine life must say anyone modicum intelligence could possibly buy notion whale even mother clue revenge witnessed dead mate forced abortion humans mean really basically whole plot richard harris must extremely hard roles accepted junk kind movie bad paid cents see would feel like demanding money back"
"7700_2",	0,	"saw movie last night home thought long first second things saw movie way text even thought going comedy type movie like rest things isn funny movie fianc hitting girlfriend beatings movie way long talk wanting go sleep wondering end wake still playing things reunion much capture like lady singing felt like almost watching spiritual song show come perry better"
"2229_7",	1,	"ve read terrible things film prepared worst confusing muddled horribly structured may merit accusations film nowhere near horrific average dvd programmer fact actually aspirations attempted something beyond typical monster slasher nonsense god interesting things going ms barbeau miracle behold carries film squarely shoulders say masterpiece unholy ultimately collapses weight ambition many unexplained subplots trying coexist plot loopholes created time travel never really addressed example hope knows mother evil ultimately kill brother doesn kill ma film first sequence seems like would beat hell traveling future still give unholy points trying little ambition bad thing"
"8815_2",	0,	"yes going tell one read want surprises got one title christmas evil also another christmas horror dvd called silent night bloody night whereas silent night bloody night confused silent night deadly night lots potential close good one wasn quite good started interesting enough watching villain call watching neighborhood kids writing books naughty nice awhile looking action movie doesn deliver need character development goes overboard still never sure heck guy snaps hour kills three four people whole crowd watches terror guys kills aren even targets making fun one many unsuccessful attempts killer knock naughty proceeds try kill guy tries break house squeezing fireplace promptly gets stuck barely manages get enters basement tries kill guy smothering bedroom seem kill guy way grabs star tree slits guys throat heck tree even bedroom first place oh yeah killer kill stopped party fun well except town people chasing torches unresolved part brother tune wants play even kept talking something never really explained end ask well since spoilers tell runs road van proceeds well lets say lame"
"116_1",	0,	"believe praising movie herein aren thinking film prepared possibility would awful script lack thereof makes film also pointless plus side general level craft part actors technical crew quite competent ve got sow ear work make silk purse ben g fans stick movie dorothy fans stick galaxina peter b fans stick last picture show target fans cheap laughs expense seem asking stick peter b amazingly awful book killing unicorn"
"2090_10",	1,	"term classic film comes wonderful story woman bravery courage extreme loyalty poor olan got sold uncaring husband years learned appreciate yeah right pearl luise rainer beautiful star won best actress oscar year small role waste oscar great zigfield really didn show talent exotic beauty good earth shows really act beauty erased great costumes either people say didn show real emotions film like hell character olan shy timid woman inner strength quiet parts film eyes body convey emotions example scenes fall city looters shot people saying doesn act well film looking paul muni shows act well character likeable one never sees end story sweet loving dedicated wife mother special beauty greatest one beauty within like pearl get chance see film watch see one best films golden age hollywood created"
"10069_1",	0,	"awful film yea girls pretty good plot cowboy get involved indian maiden would interesting sex didn get way well okay might interesting badly paced partly acted imagine close ups dancing tushes looked like big screen probably laughable tv won even mention topless knife fight two women tied together spend whole thing chest chest never read old west film requires liberal use fast forward like schlock films ridiculous reason go sort films tend good plot taking back seat breasts original nudie cuties called originally nudist films films touching adult industry began grow film makers either tried clever tried exploit something else order put butts seats clever ones left hacks limited talent comedies often came best humor approaching first grade level infantile harmlessly fun something could rarely said genre cross dressed nudie ramrodder looks good couple nice pieces done neither western sex film need watch interest probably one rapist killer film played bobby beausoleil member manson family arrested murdering school teacher long filming wrapped obviously sort things ruin peoples lives"
"2982_1",	0,	"zombie review spoilers films actually bad re good zombi bad wretchedly unforgivably bad many ways whole new language may needed describe allmore film credited lucio fulci even standards absolutely coherency sense reason however blame fulci wasn really directed bruno mattei doesn even fulci sense style help carry film mattei seems brought little film staggering ineptitude m ashamed say much enjoyed every worthless minute zombi redeeming features genre known thin characters weak story lack film making skill zombi pushes boat even funnier nightmare city action starts death gas stolen military base damaged escape thief steal us military think creating cannibalistic legions living dead would good idea questions fail answered zombi hiding hotel infected thief goes mad green plastecine growing face tracked army somewhat foolishly decide best way dispose corpse burn sending death atmosphere resulting zombie birds attack people turn zombie people zombies cannibals zombie birds attack birds meet heroes trio horny gis coachload girls couple guys re important one important ll hard pressed remember anyone face let alone name find reason care end hiding hotel thief week ago place buzzing life buzzing flies escape undead point ll either completely sucked ll turned damned thing script appalling even greatest acting world couldn save well worst human characters zombie acting time low consistancy zombies behave shamble time honored style others engage full fist fights charge around machettes mention zombies still able talk gimmick gives film horrifying twist ending die gunshots chest rather head even get knocked good left hook punch zombie fact emphasis badly done action often makes resemble episode v zombies also spend lot time hiding seemingly waiting hours ridiculous places chance poor sap pass get fright life hide bushes garages huts roofs water even underneath pregnant women one point zombie follows woman stairs kill eat push water zombies wacky sense humour plenty gore though limbs hacked wounds ooze green pus much way flesh eating people getting faces mushed nothing match originals eyeball piercing bad make effects bag won let ve even mentioned awful music inexplicable flying zombie head scientist whose acting actually manages stand really bad final chilling punchline ingenious twist originals radio station overrun zombies zombi gives us actual zombie dj gone side escaping hero cry vowing continue fighting undead sequel sadly never came zombi rubbish would loss world every single print destroyed records existence erased yet somehow feel life richer seen say richer meant minutes shorter"
"2119_4",	0,	"seven pounds emotionally flat illogical morally disturbingthe movie distributed italy seven souls curious original title research found refers shakespeare merchant venice usurer shylock makes terrible bond merchant antonio give pound flesh case able repay debt whereas italian translation makes ben plan something deeply human characterized human sympathy original one though cultivated enough remain unperceived anyone makes reference flesh something cold rational deep rooted physical side man unfortunately think real quality ben plan revealed original title cold machination aimed donating parts body lacking authentic human empathy least audience given chance see perceive pure relation souls within whole movie exception love story girl seems sort non programmed incident ben yields incapable conveying true emotional involvement really didn like idea core movie idea person however devoured pain death beloved people caused takes resolute decision expiate sense guilt suicide besides improbable makes sense would liked think would positive end ben decided abandon idea committing suicide go living thus helping people maybe many standing near helping presence wouldn saved lives miraculously course would probably caused suffering think could constructive human moral point view many illogical disturbing things initial reference god creation seven days way according bible six mean woman suffering heart disease prevents running even singing without feeling bad normal sex man feeling destroyed death wife donated organs pieces body doesn seem feel much tried emotionally physically impaired condition movie saved good acting rest pure nonsense logical point view also human emotional one"
